1928.com	12
a1stoves.com	9
abeadstore.com	13
abercrombie.com	17
ablackhorse.com	10
access-gaming.com	6
activerideshop.com	66
adacentral.com	8
adifferentdirection.com	6
affordabletool.com	12
aldoshoes.com	7
alfurqantrading.com	12
alilang.com	8
allaboutbodyrolling.com	8
allchildsplay.com	8
allthingsashland-com.myshopify.com	6
alltopbargains.com	15
alphadailydeals.com	7
alpineextreme.co	16
altrec.com	6
amandabass.com	9
amazon.com	10
ambry.com	15
americandiamondsjewelry.com	11
anchorbaytile.com	7
anchorexpress.com	7
andteck.com	9
angara.com	6
animeoc.com	7
annabellagio.com	6
anniescostumes.com	10
appareladdiction.com	8
apparelalley.com	7
apparelnyc.com	11
appliancecenterdirect.com	9
aquateak.com	8
arrascreations.com	10
artscraftsusa.com	17
ashford.com	22
ashleystewart.com	1796
asiacycles.com	32
asiascopes.com	17
astrojewelry.com	29
atelephonesystem.com	11
atgstores.com	52
autotransponder.com	8
avalanchegear.net	17
avenuesound.com	7
b-glowing.com	6
babyandmegifts.com	6
babyecotrends.com	7
bachrach.com	17
backcountry.com	6
baseballfencestore.com	8
baseballfencetopper.com	7
basinarcheryshop.com	20
batesfootwear.com	8
bathandbodyworks.com	27
battery-iq.com	9
battery-of-laptop.com	8
baxxt.com	7
bdslaundry.com	9
beadstore.com	7
beallsflorida.com	57
beauty.com	11
beautynhealth.com	10
beautyonlinesupply.com	8
bedbathandbeyond.com	18
bella.com	6
bellacor.com	9
beltscentral.com	10
beltsnjewelry.com	8
benbridge.com	9
bestany.com	7
bestbatt.com	9
bestbuy.com	74
bestskylights.com	10
betterbee.com	9
bettymills.com	11
bftgateopeners.com	8
bigbadpowersports.com	6
bigblackhorse.com	6
bigdealelectronics.com	13
bikerathome.com	7
billiardssupply.net	9
bird.com	6
bjs.com	29
blastlineind.com	6
bloomeriefabrics.com	6
blstreet.com	12
bluenile.com	15
bodenusa.com	72
bodyartforms.com	41
bodygauges.com	7
boeingstore.com	14
bonsaitreebazaar.com	8
bonton.com	68
bookstellyouwhy.com	44
bootbarn.com	1726
boozingear.com	11
bose.com	13
bosspetsupplies.com	15
bowlingdelights.com	11
brambleberry.com	11
brandswalk.com	11
bridalbynatalie.com	18
bridgecitymercantile.com	6
brilliantearth.com	6
brooklynindustries.com	24
brooklynti.com	16
brooksbrothers.com	960
brooksrunning.com	921
bucklecity.com	8
buggiesunlimited.com	12
build.com	27
bulbamerica.com	19
bulbsnlighting.com	18
burlap-tablecloth.com	9
buyaggressive.com	11
cabinetnow.com	13
cablesonsale.ca	17
cablewholesale.com	9
calranch.com	176
camerareadycosmetics.com	6
campmor.com	6
candyfavorites.com	11
caneandderby.com	8
carving-cnc.com	8
cctvboss.com	14
cheapgolfequipments.com	10
chicos.com	59
childrenboutique.com	61
chipotlesauce.com	135
chosen-foods.com	8
chosen29.net	11
classicjukeboxandgameco.com	6
clothingfactoryoutlet.com	7
coachyouths.com	15
coastal.com	8
coastalwine.net	79
coatsandcapes.com	7
coleman.com	12
combatgearing.com	7
compsource.com	23
contourliving.com	7
controlscentral.com	39
conversionstechnology.com	6
coollcd.com	7
coolpetstuff.com	8
costcentral.com	18
costume-shop.com	25
countrymouldings.com	17
cpooutlets.com	8
cradlejoy.com	9
creativehearts.com.au	6
criticaltool.com	9
crocs.com	17
cruisercustomizing.com	24
crystaltees.com	8
culturalelements.com	11
cyclingequip.com	9
dazadi.com	65
decorativepaintingbookstore.com	7
dennisdennis.net	9
dept229.com	11
designdesign.us	7
designed2bsweet.com	13
designerecollars.com	6
designjetpart.com	11
designtoscano.com	12
dherbs.com	9
dillards.com	6
diningtablesbuy.com	12
directconnectstore.com	6
directlinemedical.com	12
discountcontactlenses.com	6
distinctivestores.com	21
dkmaccessories.com	6
dogandcatgifts.com	8
dolphinscuba.com	13
doodlefishkids.com	10
doorcountycoffee.com	23
doornmore.com	15
downcomforternow.com	6
dreamkitty.com	6
drugstore.com	14
dsw.com	7
dtpss.com	7
dunhamssports.com	11
dvhomedecor.com	8
e-controls.net	13
e-slotcar.com	9
eagleoperatorsonline.com	7
earthlinens.com	11
earthvillagemarket.com	11
ecomom.com	50
ecyclejerseys.com	9
eichlers.com	16
eleanorsnyc.com	6
electronicshuntershop.com	9
elegantfragrances.com	6
elementmultisport.com	6
elitesignsoutletofgeorgia.net	6
emergencystuff.com	6
emzblendz.com	9
entertainmentearth.com	8
envelopemall.com	14
equusunlimited.com	24
erehwon.com	8
ergoprise.com	7
eriksbikeshop.com	25
esyok.com	29
etundra.com	14
evansusa.com	12
everycasa.com	7
ewheelchaircushions.com	6
extreme-products.net	146
eyewearconnection.com	6
fab.com	33
fabricspraypaint.com	11
factorycouches.com	7
factorygamerooms.com	7
factoryplaygrounds.com	20
fairyvillage.com	11
familyfootwearcenter.com	9
famousfootwear.com	17
fansedge.com	33
fanswithpride.com	6
faucetdirect.com	75
feldheim.com	7
finishline.com	29
footlocker.com	26
fredmeyerjewelers.com	6
gaiam.com	64
gamestop.com	15
gamezway.com	13
gardenvines.com	6
garrettwade.com	8
gearup2go.com	7
genevawatchesonline.com	8
genuinehotrod.com	90
giftsauthority.com	11
giftsforyounow.com	12
glass2go.com	9
glensoutdoors.com	895
globein.com	8
glutenfreepalace.com	11
gnc.com	65
golfcartpartsoutlet.com	6
goneforarun.com	48
gordonswine.com	11
gothamcigars.com	533
gqjewelry.com	7
greencupboards.com	21
grille4u.com	6
groomstand.com	10
guitaraudio.com	11
halcyonyarn.com	14
hampdenclothing.com	19
hamsajewelry.com	16
handbagheaven.com	7
handlesets.com	385
harvestofbarnstable.com	7
healthylifegear.com	13
hgachristianapparel.com	10
hhgregg.com	6
hiphound.com	9
hmcelectronics.com	15
holidayleds.com	6
hollisterco.com	37
hollywoodcollectibles.com	32
homedepot.com	18
homeperfect.com	9
hometodreamhome.com	6
hondaeasttoledo.com	26
horttags.com	20
houstonwines.com	7
hsssurf.com	7
huntnstuff.com	14
iballast.com	14
ice.com	12
idville.com	12
ikeyblue.com	6
ilovecopper.com	18
imgoingeco.com	23
importcds.com	10
indianethnicgifts.com	13
inkbarn.com	6
inkcartridgespot.com	13
inktuit.com	10
installerparts.com	11
instawares.com	18
integritypearls.com	6
invitationconsultants.com	11
iperfumes.net	6
iprintmicr.com	6
itpartsdepot.com	12
itradingport.com	20
iwantmopar.com	29
jamesallen.com	6
jared.com	10
jazzy-jewels.com	9
jcpenney.com	118
jcstore.biz	17
jegem.com	47
jegs.com	8
jewelryjudaica.com	8
jewelrymegastore.com	313
jjfashiontrends.com	6
jtv.com	18
juleez.com	20
junnicairsoft.com	16
justwatchme.net	6
jwsupplements.com	7
kabbalah72.net	6
kamishade.com	6
karmaloop.com	10
katerno.com	117
katiewongnyc.com	7
kay-twelve.com	20
kay.com	20
keenfootwear.com	6
kentsupplies.com	23
kerusso.com	12
kidsfootlocker.com	10
kidsoutlet.com	9
king-solarman.com	6
kingice.com	11
kirinhobby.com	6
kirklandlabels.com	7
kirklands.com	17
kitchen-universe.com	62
kitchenandcompany.com	64
klearkare.com	7
korumrenewal.com	6
kosherline.com	6
kugati.com	6
lacewigaccessories.com	20
landofnod.com	20
landrpromotionalitems.com	7
lanemaxjewelry.com	10
leathercollection.us	11
lightingdirect.com	101
lightsforalloccasions.com	39
lilduckduck.com	2119
lilyandviolet.com	9
limabeads.com	20
linkdelight.com	25
lioridiamonds.com	8
littleloungers.com	9
livewellsports.com	59
lojadoarco.com	9
lonestarrestaurantsupply.com	477
lonnies-sportinggoods.com	6
lototees.com	7
luckydogleather.com	6
luggagepros.com	11
macmall.com	9
magicmomentsprom.com	6
marianofoods.com	9
maritimeprotectionproducts.com	12
martialgear.com	8
maryshop.com	6
mastechpowersupply.com	9
mauidivers.com	17
meaningfulhealthhq.com	6
memorydealers.com	16
menards.com	53
merrell.com	9
metrostyle.com	14
mfredric.com	10
microcenter.com	11
micropartsusa.com	11
microsoftstore.com	16
midwestsurveillance.com	7
milkglassandmore.com	8
mimoco.com	6
modernfurniture.fm	6
moderntribe.com	14
monkeysuitvintage.com	7
montanasilversmiths.com	7
montessoriservices.com	16
morethankitchen.com	31
motorola.com	9
mpgear.com	148
muralsyourway.com	6
musiciansfriend.com	24
mycricket.com	6
mykidsadventure.com	6
myleather.com	51
mylebanesegrocer.com	19
myosource.com	6
mypergolakit.com	6
mysweetmuffin.com	6
mytauron.com	7
mywalldeco.com	8
nameplatedepot.com	8
narscosmetics.com	54
nashuanutrition.com	10
naturesfinestseed.com	10
navarro.com	10
navitasnaturals.com	6
neimanmarcus.com	13
newdaycigs.com	6
newegg.com	12
nextadventure.net	13
nikkieyewear.com	9
nilimahome.com	7
northamericanart.com	7
northlightshop.com	7
nutricargo.com	10
nutrigains.com	7
nuts.com	12
nyciwear.com	167
nytopbrands.com	13
oakridgehobbies.com	20
obxtradingroup.com	21
officedepot.com	6
officemax.com	51
officesupply.com	20
offshoremarineparts.com	18
ohvoh.com	11
omgbuyit.com	8
onlineorganicmart.com	6
openboxcity.net	20
optimalnutrition.com	10
oregonsurfshop.com	8
orientaltrading.com	9
ornamentshop.com	6
orschelnfarmhome.com	6
osha4less.com	8
outdoorsecurityproducts.com	18
overstock.com	33
overstockbait.com	7
overtheloom.com	8
packagingtapeinc.com	14
pactogo.com	8
padlocks4less.com	7
paintballpunks.biz	12
paintedtrout.com	7
partdeal.com	6
parts-express.com	11
patagonia.com	6
patrickaccessories.com	23
paylessmerchandise.com	22
pdp.com	12
peaceloveanddecorating.com	6
peaceloveworld.com	495
pearlhours.com	346
peeragetrade.com	7
peltzshoes.com	11
penfactory.com	8
peppers.com	19
perfmoto.com	38
performancejeepchrysler.com	243
perfume-empire.com	8
petesshoesonline.com	14
petjoyonline.com	7
petproplus.com	13
petsmart.com	6
pippinmcgee.com	8
planetshoes.com	12
plumbtile.com	6
pokenzoo.com	10
porchoutlet.com	8
portraitpuzzles.com	6
poshtots.com	7
premiumbodyjewelry.com	7
premiumcards.net	9
prodigyuniforms.com	16
prolong.com	22
propcparts.com	8
proplayersupply.com	6
proracestore.com	13
pumaprints.com	9
purehockey.com	6
puremodern.com	6
purpleboxjewelry.com	12
qoroart.com	10
quill.com	8
qvc.com	10
radioshack.com	65
reactgear.com	8
realtruck.com	7
red.com	8
redmonkeyfoods.com	8
redrockdecals.com	6
rejuvenation.com	8
remoteopen.com	6
remsalesltd.com	26
replogleglobestore.com	7
residential-lights.com	7
restaurant-dinnerware.com	6
rhema.org	17
ridershack.com	7
ritzcamera.com	13
roadrunnersports.com	54
roamans.com	7
robertscamera.com	322
rockcreek.com	8
rods.com	180
rover-store.com	14
royaldiscount.com	8
ruffgrip.com	67
ruralking.com	24
safepetproducts.com	8
sageclothing.com	6
sainsmart.com	19
salonqualityhairproducts.com	8
samash.com	41
samsung.com	11
sandeslovelygiftware.com	7
santoscagedoll.com	6
scenting.com	11
scheiddiesel.com	6
schooloutfitters.com	10
schylling.com	15
seattlecoffeegear.com	13
sensualgiftbasket.com	28
sephora.com	6
sewfe.com	7
sfplanet.com	80
shadymaplegiftshop.com	14
shamansmarket.com	13
shavers.com	8
sheetmusicplus.com	7
sheplers.com	51
shermanoaksmedical.com	1440
shieldmans.com	17
shindigz.com	11
shivumjewelryoutlet.com	17
shoebacca.com	6
shoebizsf.com	17
shoemall.com	19
shoemycolor.com	9
shoes.com	17
shoeshoppingspree.com	6
shop.bikeworkskona.com	7
shop.lenovo.com	11
shop.lululemon.com	11
shop.panasonic.com	7
shop.puma.com	12
shop.steelseries.com	8
shopbrodart.com	58
shopping.hp.com	1185
shoprescuespa.com	14
shopvault.com	13
siliconeipod.com	6
silverandpewtergifts.com	8
silverlakeflorist.com	10
simplyhousewares.com	11
sirsfabric.com	6
skullshaver.com	14
sleepypod.com	8
smarthardware.com	8
smartimports.net	8
sneakertees.com	6
snugglesoflove.com	9
sockdreams.com	32
sogknives.com	8
solidcolorneckties.com	9
southcoast.com	124
southfork3d.com	9
spaceagegizmos.com	7
sportchalet.com	16
sportsauthority.com	109
sportsdepot.com	8
sportsdirect.com	17
sportsfanroom.com	6
sportsmanswarehouse.com	9
spytecinc.com	8
standardsupplyfs.com	10
staples.com	7
starcostumes.com	6
starmarinedepot.com	6
stevenalan.com	4557
steveweissmusic.com	10
stoneagegamer.com	22
stoneandsilverjewelry.com	7
stonehinged.com	9
store.aikotradingstore.com	8
store.apple.com	12
store.hypebeast.com	6
store.nike.com	13
store.northlandsys.com	6
store.pottersviolins.com	11
store.sony.com	47
store.tekserve.com	8
store.valentino.com	14
store333.com	11
summitracing.com	34
super-bowl-fun.com	13
superdj.com	14
superiorlighting.com	7
supersurvivalkits.com	8
surlatable.com	13
survival-gear-usa.com	7
survivalkit.com	8
susanankersen.com	6
sweetromanceonline.com	9
sweetwater.com	11
swell.com	9
tablesnchairs.com	7
tacomapropeller.com	6
target.com	15
tashaapparel.com	6
techiewarehouse.com	7
technosweat.com	11
techxdirect.com	7
teegolfclub.com	6
tekforthehome.com	9
templestclair.com	10
tennismachinesnow.com	13
tenthousandvillages.com	9
the-store.com	11
theamericanwedding.com	6
thebarstoolsoutlet.com	6
thebedroomsets.com	6
thebirdhousechick.com	18
theboombopshop.com	7
thebridaljewelrystore.com	6
thecheapplace.com	8
thechessstore.com	6
thedappertie.com	19
thefutonshop.com	6
thehappycook.com	8
thenightvisionoptics.com	6
thenorthface.com	8
theofficedealer.com	6
thepicketfence.com	7
thepurplepinecone.com	12
therawear.com	9
therelax.com	11
thesneakerchannel.com	12
theurostyle.com	6
thewalkingcompany.com	8
thewatchery.com	11
thingsremembered.com	12
thinkpinkribbon.com	7
thisisnatural.com	13
thosbaker.com	6
tiffany.com	41
tigerdirect.com	19
tinybearwildbirdstore.com	23
tireteam.com	39
tobeinstyle.com	8
toolauthority.com	145
toothygrinsstore.com	87
toysrus.com	108
treasurecoastcorals.com	11
treasuregurus.com	8
trendylegs.com	7
truckhelp.com	6
turntablelab.com	6
uboxes.com	11
uecigarette.com	16
ul-solar.com	7
uline.com	40
underarmour.com	10
uniquefit1.com	12
upscalecostumes.com	8
us.asos.com	26
us.topshop.com	40
usaboatstore.com	7
usachocolate.com	14
usedautopartsyouneed.com	11
uspokershop.com	13
ustoy.com	17
uzedgadgets.com	9
vanityrow.com	6
vans.com	26
vanzamods.com	6
vasemarket.com	15
vdgwine.com	6
ventingdirect.com	12
ventingpipe.com	14
verizonwireless.com	16
vertu.net	6
victoriassecret.com	12
villagehomegoods.com	12
vintagehardware.com	6
vintagetub.com	20
visiondirect.com	9
visiongalore.com	7
vistaautoparts.com	10
vitacost.com	18
vitamins2you.com	38
voguefabricsstore.com	6
vogueseason.com	10
voila-salon-spa.com	6
voiplink.com	20
walgreens.com	48
walkincoolerparts.com	8
walmart.com	6
watchmaxx.com	10
wayfair.com	13
wbshop.com	21
weatherinstruments.com	9
webstaurantstore.com	185
westmarine.com	10
wetseal.com	4504
williams-sonoma.com	12
winetasting.com	80
wirefly.com	7
wolfcamera.com	20
www1.macys.com	21
xbyte.com	8
yeomansinthefork.com	15
yupbizauto.com	6
zaphon.com	8
zappos.com	7
zentaifancydress.com	36
zephyrsports.com	173
zzautoparts.com	21
